opportunity,organizer,category,official_url,status,deadline,timezone,fee,eligibility,geography,age_rule,student_rule,publication_restrictions,self_published_online,simultaneous,rights_exclusivity,work_transfer,materials,physical_shipping,sales_split,ai_rule,reward,priority,fit_basis,draft_complete,submitted,result_date,risk_or_unknown,checked
CBA 2027 Chapbook Contest,Center for Book Arts,poetry/book arts,https://centerforbookarts.submittable.com/submit/362913/2027-chapbook-contest,OPEN,2026-12-15,UNKNOWN,$30; waiver Oct 1–15,own poems; own-work translations allowed; no geographic/age limit stated,No geographic limit stated,No age limit stated,UNKNOWN,individual poems elsewhere allowed; online collection rule unclear,UNKNOWN for complete online A/B cycle,"yes, notify acceptance elsewhere",rights revert on publication; nonexclusive promotional excerpts,No copyright transfer stated; publication rights revert,anonymous text PDF/DOCX/DOC; <=450 lines or 21 pages; title/contents/acknowledgments,not for initial submission,not applicable,UNKNOWN,100 artist-made copies; $500 honorarium; $500 reading stipend; Millay stay,C,Book-arts edition of a poetry manuscript; prior complete online sequence needs interpretation,conditional,see private log,,whole sequence already online; author review needed,2026-09-26
Poetry London Pamphlet Prize 2026,Poetry London,poetry pamphlet,https://poetrylondon.submittable.com/submit,OPEN,2026-10-01,UNKNOWN,£20; £10 subscriber,English; all ages; worldwide; student rule unstated,Worldwide,All ages,UNKNOWN,UNKNOWN,UNKNOWN,UNKNOWN,UNKNOWN,UNKNOWN,anonymous PDF/DOC/DOCX; 24 pages of poetry,not for initial submission,not applicable,UNKNOWN,£250; Poetry London Editions pamphlet; 10 copies; reading,C,English poetry manuscript and publication; prior online sequence and 24-page wording unresolved,conditional,see private log,,published/translation/rights terms unavailable publicly,2026-09-26
Poetry Business 2027 Pamphlet,The Poetry Business,poetry pamphlet,https://poetrybusiness.co.uk/competitions/the-poetry-business-pamphlet-competition/,OPEN,2026-11-04,23:59 (timezone unstated),£25; £22 eligible; waiver request by Oct 14,18+; international; original English poems; students not excluded,International,18+,UNKNOWN,individual poems published okay; collection must not have appeared published,UNKNOWN whether online A/B cycle is a published collection,yes,publisher first UK publication of collection for 12 months; copyright retained,Copyright retained; 12-month first UK publication right,20 poetry pages; anonymous pen-name/title page headers,not for initial submission,not applicable,AI-generated work prohibited,two winners £500 each; Smith|Doorstop pamphlet; readings,C,"Pamphlet publication, but complete online cycle and anonymous-pen-name requirements unresolved",conditional,see private log,,online sequence and 12-month right need explicit review,2026-09-26
Eric Gregory Awards,Society of Authors,poetry award,https://societyofauthors.org/prizes/the-soa-awards/eric-gregory-awards/,OPEN,2026-10-31,UNKNOWN,free per SoA FAQ,under 30 and British national or GB/NI resident 3 years; English; personal facts kept in private pack,British national or GB/NI resident for 3 years,Under 30 by 2026-10-31,UNKNOWN,published or unpublished volume accepted,allowed by published-volume rule,UNKNOWN,copyright transfer not stated; winning poem offered Poetry London publication,No transfer stated in public award rules,"A4, 12pt, contents/numbered poems/page numbers, <=30 poems/50 pages, anonymous PDF/DOCX/DOC; author name in filename",not for initial submission,not applicable,no AI-generated content,award; Thomas Cottage residency; Poetry London poem,C,English poetry volume permitted even if previously published; author-specific status private,"yes, subject to final author review",see private log,,private identity fields and winner paperwork remain,2026-09-26
Mslexia 2026 Pamphlet,Mslexia,poetry pamphlet,https://mslexia.co.uk/competitions/pamphlet-poetry/womens-pamphlet-competition-2026/,OPEN,2026-12-07,23:59 GMT,£20,women; author personal eligibility unconfirmed; no prior full collection,UNKNOWN,UNKNOWN,UNKNOWN,published individual poems okay; not previously in a pamphlet/full collection,online A/B cycle classification UNKNOWN,"yes, withdraw on placement","winner offered Bloodaxe agreement: publisher may publish whole/part worldwide for 3 years; copyright remains author, then reverts",Copyright retained; 3-year worldwide publisher right in winner agreement,"18–20 poems; 20–24 pages; <=40 lines/page",not for initial submission,not applicable,no AI in poem creation,£500 and Bloodaxe publication,C conditional,Poetry manuscript needs 18–20 poems and 20–24 pages; personal and prior-collection eligibility unresolved,no,see private log,,"personal eligibility, online collection status, substantial 3-year rights",2026-09-26
CBA Solo Project Exhibition,Center for Book Arts,book arts exhibition,https://centerforbookarts.org/opportunities/single-artist-exhibition,ROLLING,,UNKNOWN,UNKNOWN,book arts work <=5 years old; recent samples <=2 years,No geographic restriction stated,No age limit stated,UNKNOWN,existing work expected,allowed,UNKNOWN,exhibition contract UNKNOWN,UNKNOWN,email proposal to programs@centerforbookarts.org; 10 recent-work images; CV; 100-word bio; 500-word proposal; site; old Apply Now link stale,not for initial submission,not applicable,UNKNOWN,"$1,000 stipend; installation/marketing help; public programme",B,Publishing and printed object fit book arts; ten images show one project with two physical trials,conditional,see private log,,ten views of one project include only two physical trials; portfolio breadth and travel cost unknown; email dossier needs author review and approval,2026-09-26
Spike Island Lingua Franca 2026,Spike Island,artist development,https://www.spikeisland.org.uk/programme/artist-development/open-call-lingua-franca-award-2026/,OPEN,2026-10-04,23:59,UNKNOWN,Spike Island studio holder or Associate member; not evidenced,Studio-holder or Associate membership required; region not otherwise established,UNKNOWN,UNKNOWN,UNKNOWN,UNKNOWN,UNKNOWN,UNKNOWN,UNKNOWN,250-word statement; 400-word proposal; 6–10 images; CV,not for initial submission,not applicable,UNKNOWN,"£2,000 and mentoring",D,Membership gate not evidenced,no,see private log,,membership gate,2026-09-26
New Media Writing Prize,New Media Writing Prize CIC (2025–26 cycle),electronic literature,https://newmediawritingprize.co.uk/,CLOSED_RECURRING,,UNKNOWN,prior cycle free,English interactive digital work; next rules pending,Next-cycle UNKNOWN,Next-cycle UNKNOWN,Next-cycle UNKNOWN,next-cycle UNKNOWN,prior cycle accepted,UNKNOWN,prior cycle perpetual nonexclusive promotional/display licence; recheck,Next-cycle UNKNOWN,next-cycle URL and documentation rules pending,not for initial submission,not applicable,next-cycle UNKNOWN,cycle-specific award,E,"Digital interaction fits, but no next-cycle call confirmed",no,see private log,,2025–26 deadline passed; no new deadline announced,2026-09-26
ELO Electronic Literature Collection 5,Electronic Literature Organization,digital literature anthology,https://eliterature.org/2025/11/call-for-submissions-electronic-literature-collection-volume-5-elc5/,CLOSED_RECURRING,,UNKNOWN,UNKNOWN,cycle-specific,Next-cycle UNKNOWN,Next-cycle UNKNOWN,Next-cycle UNKNOWN,next-cycle UNKNOWN,UNKNOWN,UNKNOWN,UNKNOWN,Next-cycle UNKNOWN,next-cycle rules pending,not for initial submission,not applicable,UNKNOWN,anthology publication,E,Born-digital literature fit; volume 5 closed and next call unknown,no,see private log,,vol. 5 closed Jan 31 2026,2026-09-26
Presse Books,Presse Books,specialist retail,https://pressebooks.forma.org.uk/pages/submissions,ROLLING,,UNKNOWN,none listed,original/cleared publications; artists/writers/small presses,UNKNOWN,UNKNOWN,UNKNOWN,existing edition expected,allowed,UNKNOWN,retail agreement UNKNOWN,UNKNOWN,"email images/video, project context, publication details; 8-week review",UNKNOWN,UNKNOWN,UNKNOWN,"potential stock, no guarantee",B,"Artist publication fit once a priced, stocked physical edition exists",conditional,see private log,,actual edition/price/stock/wholesale terms missing,2026-09-26
ICA Bookshop,Institute of Contemporary Arts,specialist retail,https://shop.ica.art/pages/about,ROLLING,,UNKNOWN,none listed,publication/project enquiry by email,UNKNOWN,UNKNOWN,UNKNOWN,existing edition expected,allowed,UNKNOWN,retail agreement UNKNOWN,UNKNOWN,pitch; exact requirements unlisted,UNKNOWN,UNKNOWN,UNKNOWN,"potential stock, no guarantee",B,Potential specialist retail enquiry once edition and wholesale terms exist,conditional,see private log,,no saleable edition or public commercial terms,2026-09-26
Arts Council England Project Grants <=£30k,Arts Council England,arts funding,https://www.artscouncil.org.uk/sites/default/files/2024-04/Guidance%20for%20applicants%20-%20%C2%A330%2C000%20and%20under_.pdf,ROLLING (verify live guidance),,UNKNOWN,none found,18+; UK base; UK account in matching name; benefit to people in England,UK-based applicant and benefit to people in England,18+,UNKNOWN,existing work okay,allowed,UNKNOWN,grant contract requires review,Grant agreement requires review,"project plan, public benefit, budget, delivery evidence",not for initial submission,not applicable,UNKNOWN,"grant £1,000–£30,000 if awarded",B conditional,"Public programme funding possible only with delivery partner, audience and budget",no,see private log,,"partner, public programme and feasible budget missing",2026-09-26
ELO Directory creator entry,Electronic Literature Organization,directory,https://directory.eliterature.org/process,UNAVAILABLE,,UNKNOWN,n/a,creators cannot submit their own works,N/A to creator self-entry,N/A,N/A,n/a,n/a,n/a,n/a,N/A,third-party nomination only,not for initial submission,not applicable,n/a,directory listing,F,Creator cannot nominate own work,n/a,see private log,,self-submission disallowed,2026-09-26
The HTML Review,The HTML Review,web literature journal,https://thehtml.review/about,UPCOMING_RECURRING,,UNKNOWN,none stated,web-native literature,UNKNOWN,UNKNOWN,UNKNOWN,work must not have been previously published or released,Poetry Voucher already released; ineligible as it stands,UNKNOWN,contributors own work; journal retains code copy for archive,UNKNOWN,"pitch, prototype or work-in-progress, brief bio; email",not for initial submission,not applicable,UNKNOWN,$500 per contribution,F for existing project / E for a new work,Released Poetry Voucher ineligible; new unpublished web-native work may fit future window,no,see private log,,"annual Nov 1–Dec 1 window stated, 2026-specific form not yet confirmed",2026-09-26
Printed Matter consignment,"Printed Matter, Inc.",artist-book retail,https://form.jotform.com/80524169529159,ROLLING,,UNKNOWN,shipping and review copy cost,published physical artists book with actual bibliographic/stock data,Applicant geography UNKNOWN; physical stock ships to New York,UNKNOWN,UNKNOWN,existing edition required,allowed,UNKNOWN,at least one year stock; nonexclusive promotional image use; contract terms,No copyright transfer stated; consignment and image-promotion terms require review,"signed consignment form, images, dimensions, edition size, USD price, stock shipment","yes, to New York",default artist 50% RRP; 30% wholesale discount option artist 40% on those sales,UNKNOWN,"possible bookshop stock, no guarantee",F now / B after stocked edition,"Physical artist publication fit after real stock, USD price and shipping plan exist",no,see private log,,only two trial prints; cross-border shipping and contract risk,2026-09-26
Printed Matter NY Art Book Fair,"Printed Matter, Inc.",art book fair,https://printedmatterartbookfairs.org/who-is-eligible-to-apply,CLOSED_RECURRING,,UNKNOWN,2026 exhibitor fee; next unknown,active art-book publishing practice and engaging catalogue; single title generally unsuitable,UNKNOWN,UNKNOWN,UNKNOWN,inventory for sale,not enough,UNKNOWN,UNKNOWN,UNKNOWN,fair application; next call unknown,yes for fair,own booth sales; venue terms unknown,UNKNOWN,"sales and audience contact, no guaranteed income",F now,Single title and no saleable inventory make present fit weak; 2026 call closed,no,see private log,,single project and no stock; 2026 call closed,2026-09-26
Brighton Art Book Fair 2026,Brighton Art Book Fair,artist-book fair / retail,https://www.brightonartbookfair.org/opencall,OPEN,2026-09-30,midnight (timezone unstated),£10 application; if selected £35 half-table or £70 full table; travel and stock extra,artists and small publishers with original artist books or experimental publications; exhibitor present both days,No geographic restriction stated; fair in Brighton UK,UNKNOWN,UNKNOWN,UNKNOWN,UNKNOWN,UNKNOWN,UNKNOWN,UNKNOWN,online application; saleable artist books/zines/prints and table stock; exact form fields not verified,exhibitor brings saleable stock; onsite 5–6 Dec 2026,self-operated table; organizer commission not stated,UNKNOWN,potential direct sales and fair promotion; no guaranteed revenue or prize,F for 2026 / E after first measured edition,"Experimental publishing fits, but Poetry Voucher has only two physical trials and no priced saleable stock",no; physical edition and actual costs missing,no,by 2026-10-09,£10 fee plus minimum £35 table; two-day attendance and stock not ready by deadline; application terms beyond public call unknown,2026-09-26
Dublin Art Book Fair 2026 artist books,Temple Bar Gallery + Studios,artist-book fair / retail,https://www.templebargallery.com/news/open-call-artist-book-submissions-for-dublin-art-book-fair-2026,OPEN,2026-10-05,12:00 (timezone unstated on page),No application fee stated; 10% sale commission; delivery/customs at artist cost,2026 artist-book call resident in Republic of Ireland or Northern Ireland; saleable physical book,Republic of Ireland or Northern Ireland residents only under Application Overview; author records London residence,UNKNOWN,UNKNOWN,UNKNOWN,UNKNOWN,UNKNOWN,UNKNOWN,UNKNOWN,online form; up to 3 JPEG physical-work images <=3MB; at most 3 titles / 6 copies each; euro RRP <=€40,selected books must reach Dublin by 2026-11-13; artist bears postage/customs,10% fair commission,UNKNOWN,artist-book fair retail exposure and contingent sales,D,Book form fits but London-based artist does not meet documented 2026 residency requirement; no saleable edition yet,not appropriate,no,by 2026-10-20,News page mentions Irish artists abroad while detailed Application Overview excludes all non-residents; neither covers current Chinese national UK resident,2026-09-26
Tenderbooks,Tenderbooks,specialist art-book retail,https://tenderbooks.co.uk/pages/about,RETAIL_TARGET_UNVERIFIED,UNKNOWN,not applicable,UNKNOWN,independent and self-published printed matter fits stock profile; no open submissions policy found,London shop; seller geography unstated,UNKNOWN,UNKNOWN,UNKNOWN,UNKNOWN,UNKNOWN,UNKNOWN,UNKNOWN,"finished physical edition, images, specs and retailer pitch would be needed; no public form verified",UNKNOWN,UNKNOWN,UNKNOWN,potential retail placement or event; unconfirmed,B after measured saleable edition,Shop explicitly stocks artist books and self-published works; site does not establish an open stock submission route,conditional retailer pitch only,no,UNKNOWN,"No verified intake route, commission or stock terms; do not infer willingness to stock this work",2026-09-26
Ecomic Digital Art Award 2026,"Italian Ministry of Culture, Digital Library",digital art / cultural heritage,https://media.cultura.gov.it/mibac/files/boards/b5cbaa9a159fe1ce793b5eaebb9c3081/2026/M1C3_1.1.11_Public_Notice_Ecomic_Digital_Art_Award_2026_EN.pdf,OPEN,2026-10-12,12:00 CET per call; verify October civil-time interpretation,No application fee stated; applicant bears preparation and delivery costs,Adult; one completed digital artwork; one application per applicant,No nationality or residence restriction,Adults only,No student restriction stated,No prior-publication restriction stated,No restriction stated; explicit clearance needed for all work contents,No prohibition stated,Application grants free nonexclusive exhibition and related full reproduction for two 2026 events; possible later purchase requires separate agreement,"If purchased, applicant declares willingness to transfer source files and economic exploitation rights, but filing alone is no obligation to contract",Signed English or Italian Annex 1 plus ID copy if handwritten signature; complete artwork file or direct-download link valid 60 days with hash,No initial physical shipment; travel and accommodation not reimbursed,"No revenue split; possible later discretionary purchase, not a prize",Generative AI allowed if authorial contribution clear; not required,Ranking confers no cash. Separate optional gross purchase: EUR 4900/3100/2000 for first/second/third ranked works,D,"Poetry Voucher is a completed digital literary artwork, but its documented concept does not directly interpret digital cultural heritage; theme is 25/100 assessment points",no,see private log,2026-10-30,Not a cash prize; free exhibition licence includes full reproduction; possible purchase involves source files and exploitation rights; no evidenced heritage-specific framing,2026-09-26
